Full Name,Email,Phone,Gender,Emergency Contact
"Alejandrin Ankunding","dedrick64@example.com","781.817.6428","Female","Giovani Howell - 1-989-960-9690"
"Minerva Beier","jordyn66@example.org","1-424-615-0773","Male","Dr. Rodrigo Anderson - 1-641-360-8979"
"Antonio Rodriguez","burnice05@example.com","+1-920-896-2528","Female","Caleb Abshire - +1-351-971-8930"
"Dr. Boris Borer IV","vkonopelski@example.org","+1-619-803-0956","Male","Rodrigo Aufderhar - (831) 900-0968"
"Ms. Mina Gorczany II","vjacobson@example.com","+1 (707) 507-1553","Female","Ms. Pearl Dare IV - 909-518-3263"
"Colin Daugherty","elwyn89@example.org","+1-865-649-8521","Female","Mr. Granville Veum DVM - 262.690.4092"
"Dr. Quinn Stokes","rusty69@example.net","+1-458-419-5944","Female","Dee Lockman - (689) 975-6682"
"Ms. Agustina Nikolaus","cordie.schroeder@example.net","269.956.9897","Male","Tania Lang - +1-774-228-9483"
"Price Kemmer","declan.gerlach@example.net","828.640.1770","Female","Prof. Ellsworth Armstrong - 928-218-9811"
"Bell Gutkowski","sid87@example.net","734-499-7428","Male","Kelly Wolf II - +1.763.702.9298"
"Nathan Bashirian","bailey.bianka@example.org","+1-217-507-6582","Female","Mr. Tyler Bartell III - +1.534.595.2503"
"Ms. Marjory Koch Jr.","ugottlieb@example.org","1-541-405-7897","Male","Dr. Donnell Hand - 1-380-915-2246"
"Dr. Casper Volkman","rebeca.waters@example.net","+1-469-880-4228","Male","Collin Lindgren - 559-481-8163"
"Dan Leuschke","conroy.theodora@example.net","930-378-3160","Male","Mrs. Brenda Nienow - 650-464-1274"
"Cara Ward","bschmitt@example.net","+1-518-778-7062","Female","Prof. Leland Mueller PhD - +1.248.474.9501"
"Sigrid Gislason Sr.","alice.gusikowski@example.org","843-963-7801","Female","Ezequiel Mayert - 820-750-2803"
"Rupert Douglas","avis.kutch@example.net","+1-445-583-4662","Male","Mrs. Mayra Okuneva DVM - (785) 509-0824"
"Norene Yundt","hmcclure@example.org","+1 (704) 999-3310","Male","Myrtice Robel Jr. - 830-302-5595"
"Jarvis Friesen","letitia88@example.com","1-515-603-4285","Male","Nichole Maggio DDS - (754) 587-4241"
"Delphia Russel","bkassulke@example.org","+1-531-960-9585","Male","Obie Mante - 352.367.2850"
"Mr. Afton Rutherford","wkozey@example.org","518.595.4089","Male","Dr. Kaylie Littel - (781) 761-6014"
"Prof. Dawson Haley I","schaefer.tierra@example.com","1-845-880-9800","Female","Bettie Herzog - +1 (732) 859-6205"
"Donny Pacocha DVM","sporer.ashlee@example.com","509.915.2766","Male","Mrs. Heaven Orn MD - 760.810.7070"
"Maximillian Macejkovic","xupton@example.net","(678) 359-7200","Female","Santino Kunze - 1-938-995-8522"
"Jarrell Jacobi","tania27@example.net","661.552.5014","Female","Earline Toy - 949-532-5013"
"Ross Emmerich","brant36@example.com","+1 (857) 218-8981","Male","Laurianne McDermott - 270.424.9496"
"Ms. Mariam Hansen II","lwhite@example.com","616.771.3459","Male","Delpha Wisoky - 1-208-392-0260"
"Marian Stokes","winifred.mertz@example.net","772-240-7059","Female","Taya Schumm - 740-405-0468"
"Prof. Hazle Mertz II","corkery.brooke@example.com","+17812582727","Female","Zechariah Zemlak Sr. - +1 (947) 921-4853"
"Mercedes Lockman","prosacco.joany@example.com","(915) 594-4391","Male","Rick Nienow - 341-456-1014"
"Mr. Alberto Macejkovic II","brekke.maiya@example.net","480-357-2274","Female","Kathleen Adams MD - +1.475.416.5479"
"Dr. Jazmyn Edit","reese09@example.org","712-203-2586","Female","Madaline Cummerata - +1-812-863-3206"
"Mr. Walton Harber Sr.","pagac.florian@example.org","(231) 605-1953","Female","Mrs. Aniyah Jerde IV - (341) 315-5963"
"Marta Cummings","gulgowski.chyna@example.net","463-241-1312","Male","Summer Green - (515) 655-7122"
"Dr. Delphia Hahn","carey76@example.org","(470) 550-5293","Female","Mr. Issac Macejkovic II - 425-419-0893"
"Cristobal Daugherty","herzog.loyce@example.org","(769) 320-3737","Female","Eleanore Cole Sr. - 680-475-6495"
"Prof. Chauncey Prosacco","wturcotte@example.com","985-732-7025","Female","Nels Schamberger - +18648155490"
"Ivory 123","nboehm@example.com","702-270-4731","Female","Mrs. Roxanne Wilkinson - +16064745070"
"Yonas Gmail Sayfu","yonasayfu28@gmail.com","0912873290","Male","0915125888"
